{
  "studio_name": "Nebula Visions Studios",
  "tagline": "A cutting-edge fictional TV production house specializing in gripping, genre-bending narratives that push the boundaries of horror, sci-fi, and action",
  "total_metrics": {
    "views": 54203230,
    "likes": 7586920,
    "shares": 2393557,
    "comments": 1133182,
    "posts": 100,
    "avg_conversion_rate": 0.062400000000000004,
    "avg_engagement_rate": 0.19542115543755362
  },
  "shows": [
    {
      "name": "Shadows of Eldritch Hollow",
      "genre": "Horror",
      "premise": "In a fog-shrouded town cursed by ancient rituals, residents uncover eldritch horrors lurking in everyday shadows.",
      "content_type": "Jump Scare Clips",
      "platform": "YouTube Shorts"
    },
    {
      "name": "Crimson Echoes",
      "genre": "Horror",
      "premise": "A supernatural virus turns echoes into vengeful spirits that replay victims worst memories.",
      "content_type": "Echo Effect Challenges",
      "platform": "TikTok"
    },
    {
      "name": "Quantum Exile",
      "genre": "Sci-Fi",
      "premise": "In a multiverse where exiles jump between realities, a rogue scientist battles alternate versions of herself.",
      "content_type": "Twist Teasers",
      "platform": "YouTube Shorts"
    },
    {
      "name": "Vortex Renegades",
      "genre": "Action",
      "premise": "Elite operatives harness vortex tech to infiltrate criminal empires across dimensions.",
      "content_type": "Stunt Breakdowns",
      "platform": "TikTok"
    }
  ],
  "platforms": [
    "YouTube Shorts",
    "TikTok"
  ],
  "top_performing_show": "Vortex Renegades",
  "best_platform": "TikTok",
  "growth_projections": {
    "month_1": "1M+ total views",
    "month_6": "10M+ views (20% from viral hits)",
    "monetization": "$0.01/view ad revenue"
  }
}